INSERT INTO public.users (id, firstname, lastname, email, bio, description, workplace, vk_url, tg_url, gh_url, avatar) VALUES (1, 'Артем', 'Ахикян', 'aa@ya.ru', '', '', '', '', '', '', 'https://teamup-online.s3.eu-north-1.amazonaws.com/camera.d7e59fb4.svg');
INSERT INTO public.users (id, firstname, lastname, email, bio, description, workplace, vk_url, tg_url, gh_url, avatar) VALUES (45490746, 'Тимофей', 'Разумов', 'tima.razumov@gmail.com', '', '', '', 'timrazumov', '', '', 'https://sun9-27.userapi.com/s/v1/if1/HaGly59zcWUkiuU8dC3AcxAvLYuoigE-22sTrOwAlc1DVQMsbyDp9U9BBBbuKMWfkz-sulyC.jpg?size=400x0&quality=96&crop=0,159,960,961&ava=1');
INSERT INTO public.users (id, firstname, lastname, email, bio, description, workplace, vk_url, tg_url, gh_url, avatar) VALUES (192282006, 'Дима', 'Болдин', 'dima1231231233@gmail.com', '', '', '', 'stalin_su', '', '', 'https://sun9-27.userapi.com/s/v1/ig2/Dawf7Eb1-4zMxB4OYA-svxcgHOdEhwCHP3obHOAlJuN4cly8Dy1AJMGiYzwHOScckkrFfWfr-BkKr1MVdY1mIKdW.jpg?size=400x0&quality=96&crop=71,71,1428,2017&ava=1');
INSERT INTO public.users (id, firstname, lastname, email, bio, description, workplace, vk_url, tg_url, gh_url, avatar) VALUES (235239449, 'Евгений', 'Прокофьев', 'proj9007@gmail.com', '', '', 'Авито', 'id235239449', '', '', 'https://sun9-32.userapi.com/s/v1/if1/fl7jdqI3dMTcTK0zRl3bIbVz6CBBylLFv1YLQB7smxXPaO19bQNGgWk_jydxverCSECgL6RB.jpg?size=400x0&quality=96&crop=39,42,660,660&ava=1');
INSERT INTO public.users (id, firstname, lastname, email, bio, description, workplace, vk_url, tg_url, gh_url, avatar) VALUES (209579307, 'Alexander', 'Dolgavin', 'sanya554455@gmail.com', '', '', '', 'alexandr_879', '', '', 'https://sun9-2.userapi.com/s/v1/ig1/-G_S-reej7WZjEFr0FNvti8eCSTtJ_3oHkre1HhL-m1wXsSwY1YtDXf6qGfuF5Qv6679LJ80.jpg?size=400x0&quality=96&crop=31,63,656,897&ava=1');
INSERT INTO public.users (id, firstname, lastname, email, bio, description, workplace, vk_url, tg_url, gh_url, avatar) VALUES (144063581, 'Александра', 'Володина', 'alexandravolodinaobninsk@gmail.com', '', '', '', 'id144063581', '', '', 'https://sun9-16.userapi.com/s/v1/if1/XGLFLhE_MBjIH745B5cmt40xGsfSoxes2Ob_K9aiTfnl9D7Cu-YB13XKSR_6n3Umsw8b9BFd.jpg?size=400x0&quality=96&crop=0,0,1296,2160&ava=1');
INSERT INTO public.users (id, firstname, lastname, email, bio, description, workplace, vk_url, tg_url, gh_url, avatar) VALUES (181853117, 'Михаил', 'Балицкий', '9250499222@mail.ru', 'Люблю кушать', 'Тестирую на проде', '', 'mikstime', 'mikstime', 'mikstime', 'https://sun9-50.userapi.com/s/v1/ig2/0j2ZFsayhvedIP1yGY2Wi3cl1ieAgDGxEA39RImibXrH3SilHTQ55Oz0KexlSbICVZCoLfnhlc-n4LxQTmr0RIUq.jpg?size=400x0&quality=96&crop=0,336,1620,1620&ava=1');
INSERT INTO public.users (id, firstname, lastname, email, bio, description, workplace, vk_url, tg_url, gh_url, avatar) VALUES (151728284, 'Коля', 'Еськов', 'mr.eskov1@yandex.ru', '', '', '', 'nickeskov', '', '', 'https://sun9-18.userapi.com/s/v1/ig2/csdwJgreXndn_k8RMvjspnzybzevREKuukL-TX5MjyXg3WnZg91RXL-L8tvOLHITsdB93PdbCIa6aOaFFGeGYA7B.jpg?size=400x0&quality=96&crop=0,0,729,729&ava=1');
INSERT INTO public.users (id, firstname, lastname, email, bio, description, workplace, vk_url, tg_url, gh_url, avatar) VALUES (11919203, 'Nina', 'Kuklina', 'ninakuk@rambler.ru', '', '', '', 'xshredder', '', '', 'https://sun9-25.userapi.com/s/v1/if1/FZ8YR88CvKfkIn9QFzN7DFRYUtioJkXiEaEMRgYh-RKtgFHqv2hVw_eMyT6WVyVRf20V9flW.jpg?size=400x0&quality=96&crop=54,72,636,636&ava=1');
INSERT INTO public.users (id, firstname, lastname, email, bio, description, workplace, vk_url, tg_url, gh_url, avatar) VALUES (63660071, 'Сергей', 'Куклин', 'ichigoo@inbox.ru', 'Работаю быстро качественно эффективно', '', '', 'huvalk', 'huvalk', 'huvalk', 'https://sun9-20.userapi.com/s/v1/ig2/tVIPdA3_iOvslYpxJXloFpczBriI8C8hNh8LQ7IAFNx3mvBxdmvqy-uEyRt3l7o5tfJR1UgDNlAAvHC5YYVEq1DK.jpg?size=400x0&quality=96&crop=0,0,1214,1215&ava=1');
INSERT INTO public.users (id, firstname, lastname, email, bio, description, workplace, vk_url, tg_url, gh_url, avatar) VALUES (95795678, 'Тёма', 'Кобец', 'kobets.art@yandex.ru', '', '', '', 'timmy_smoker', '', '', 'https://sun9-32.userapi.com/s/v1/if2/b1Qg_hEaxyoPwcMqOVCfJFJjMm3XOlwgA2DD3R_hmrxv-4gTVbG_LKTC-zWZMQffn3uERFbLMC6fo6hFKFwWNBNC.jpg?size=400x0&quality=96&crop=0,0,1127,1280&ava=1');
INSERT INTO public.users (id, firstname, lastname, email, bio, description, workplace, vk_url, tg_url, gh_url, avatar) VALUES (154347487, 'Олег', 'Елизаров', 'elizarov1999@list.ru', 'Люблю аниме, смотрю аниме, люблю аниме', 'Дегустирую аниме в четырех измерениях', 'Студия оценки аниме', 'olezeck', 'ELOL99', '', 'https://sun9-49.userapi.com/s/v1/if1/6yuQJI5Om_IpYCNhr-aOtWMxcLpDgCV-ARGU8nT9bnR--ieyEbt8HrVEk8HNZgXb6cvIErnD.jpg?size=400x0&quality=96&crop=0,0,2048,2048&ava=1');
INSERT INTO public.users (id, firstname, lastname, email, bio, description, workplace, vk_url, tg_url, gh_url, avatar) VALUES (121678780, 'Настя', 'Кузнецова', 'kot.siniy@mail.ru', '', '', '', 'idnastya009', '', '', 'https://sun9-48.userapi.com/s/v1/ig1/-3fKMi0_eXrRzceXRhxyw3oB5vqeI_mfzSYBoPxny0IBRlUyhjybZ2HX5ax2MgeEG1pEA1M5.jpg?size=400x0&quality=96&crop=67,214,1298,1946&ava=1');
INSERT INTO public.users (id, firstname, lastname, email, bio, description, workplace, vk_url, tg_url, gh_url, avatar) VALUES (154137532, 'Алексей', 'Ершков', 'ershkov.alex2000@gmail.com', '', '', '', 'ershkov_alex', '', '', 'https://sun9-39.userapi.com/s/v1/ig2/KmJYnTaAQMZ8zeUQ8Iv7DF1rF9qHea3MclLd5KMVbN9E5m0lLltVRRQyhImVsELi6evjkdP4YpC3wOHGVeS3T-PI.jpg?size=400x0&quality=96&crop=0,13,714,714&ava=1');
INSERT INTO public.users (id, firstname, lastname, email, bio, description, workplace, vk_url, tg_url, gh_url, avatar) VALUES (299088000, 'Вячеслав', 'Романов', '', '', '', '', 'slava.kvadratiks', '', '', 'https://sun9-24.userapi.com/s/v1/if1/iiCUM7twBYN7G92elo5ka5enBq0Shih69J5-_PVvQ7tPNFmOKGLvyU0ycfHemU34vr5V7CkC.jpg?size=400x0&quality=96&crop=0,0,2000,2000&ava=1');
INSERT INTO public.users (id, firstname, lastname, email, bio, description, workplace, vk_url, tg_url, gh_url, avatar) VALUES (54660942, 'Александр', 'Лебедев', 'i.tuta1@yandex.ru', '', '', '', 'cheerfulmushroom', '', '', 'https://sun9-44.userapi.com/s/v1/ig2/S9MqiWB8mMHBC_fsYwKt24cYbZwuYOeLpAz63nHMC_OEEIN-IIJYumXt0B6nm2yC6Nf4F6YN15cHwA3C_23MlNqv.jpg?size=400x0&quality=96&crop=890,131,763,802&ava=1');
INSERT INTO public.users (id, firstname, lastname, email, bio, description, workplace, vk_url, tg_url, gh_url, avatar) VALUES (375878811, 'Сергей', 'Киреев', 'glotkinpass@rambler.ru', '', '', '', 'id375878811', '', '', 'https://vk.com/images/camera_400.png');
INSERT INTO public.job (id, name) VALUES (1, 'Frontend');
INSERT INTO public.job (id, name) VALUES (2, 'Backend');
INSERT INTO public.job (id, name) VALUES (3, '3D designer');
INSERT INTO public.job (id, name) VALUES (4, 'Product Manager');
INSERT INTO public.job (id, name) VALUES (5, 'UX/UI');
INSERT INTO public.job (id, name) VALUES (6, 'DevOps');
INSERT INTO public.job (id, name) VALUES (7, 'Другое');
INSERT INTO public.skills (id, name, job_id) VALUES (1, 'TypeScript', 1);
INSERT INTO public.skills (id, name, job_id) VALUES (2, 'Angular', 1);
INSERT INTO public.skills (id, name, job_id) VALUES (3, 'React', 1);
INSERT INTO public.skills (id, name, job_id) VALUES (4, 'Golang', 2);
INSERT INTO public.skills (id, name, job_id) VALUES (5, 'C++', 2);
INSERT INTO public.skills (id, name, job_id) VALUES (6, 'PostgreSQL', 2);
INSERT INTO public.skills (id, name, job_id) VALUES (7, 'Rust', 2);
INSERT INTO public.skills (id, name, job_id) VALUES (8, 'Oracle', 2);
INSERT INTO public.skills (id, name, job_id) VALUES (9, 'Nginx', 2);
INSERT INTO public.skills (id, name, job_id) VALUES (10, 'Docker', 2);
INSERT INTO public.skills (id, name, job_id) VALUES (11, 'Autodesk', 3);
INSERT INTO public.skills (id, name, job_id) VALUES (12, 'ZBrush', 3);
INSERT INTO public.skills (id, name, job_id) VALUES (13, 'Blender', 3);
INSERT INTO public.skills (id, name, job_id) VALUES (14, 'Trello', 4);
INSERT INTO public.skills (id, name, job_id) VALUES (15, 'Календарь', 4);
INSERT INTO public.skills (id, name, job_id) VALUES (16, 'Figma', 5);
INSERT INTO public.skills (id, name, job_id) VALUES (17, 'Adobe', 5);
INSERT INTO public.skills (id, name, job_id) VALUES (18, 'gimp', 5);
INSERT INTO public.skills (id, name, job_id) VALUES (19, 'TrevisCI', 6);
INSERT INTO public.skills (id, name, job_id) VALUES (20, 'Docker', 6);
INSERT INTO public.skills (id, name, job_id) VALUES (21, 'CentOS', 6);
INSERT INTO public.skills (id, name, job_id) VALUES (22, 'Просто красивый', 7);
INSERT INTO public.job_skills_users (job_id, skill_id, user_id) VALUES (1, 1, 181853117);
INSERT INTO public.job_skills_users (job_id, skill_id, user_id) VALUES (1, 3, 181853117);
INSERT INTO public.job_skills_users (job_id, skill_id, user_id) VALUES (2, 4, 181853117);
INSERT INTO public.job_skills_users (job_id, skill_id, user_id) VALUES (2, 5, 181853117);
INSERT INTO public.job_skills_users (job_id, skill_id, user_id) VALUES (2, 6, 181853117);
INSERT INTO public.job_skills_users (job_id, skill_id, user_id) VALUES (2, 7, 181853117);
INSERT INTO public.job_skills_users (job_id, skill_id, user_id) VALUES (2, 9, 181853117);
INSERT INTO public.job_skills_users (job_id, skill_id, user_id) VALUES (2, 10, 181853117);
INSERT INTO public.job_skills_users (job_id, skill_id, user_id) VALUES (4, 14, 181853117);
INSERT INTO public.job_skills_users (job_id, skill_id, user_id) VALUES (4, 15, 181853117);
INSERT INTO public.job_skills_users (job_id, skill_id, user_id) VALUES (5, 17, 181853117);
INSERT INTO public.job_skills_users (job_id, skill_id, user_id) VALUES (6, 20, 181853117);
INSERT INTO public.job_skills_users (job_id, skill_id, user_id) VALUES (7, 22, 181853117);
INSERT INTO public.job_skills_users (job_id, skill_id, user_id) VALUES (2, 10, 63660071);
INSERT INTO public.job_skills_users (job_id, skill_id, user_id) VALUES (2, 9, 63660071);
INSERT INTO public.job_skills_users (job_id, skill_id, user_id) VALUES (2, 8, 63660071);
INSERT INTO public.job_skills_users (job_id, skill_id, user_id) VALUES (2, 6, 63660071);
INSERT INTO public.job_skills_users (job_id, skill_id, user_id) VALUES (2, 5, 63660071);
INSERT INTO public.job_skills_users (job_id, skill_id, user_id) VALUES (2, 4, 63660071);
INSERT INTO public.job_skills_users (job_id, skill_id, user_id) VALUES (2, 9, 154347487);
INSERT INTO public.job_skills_users (job_id, skill_id, user_id) VALUES (2, 7, 154347487);
INSERT INTO public.job_skills_users (job_id, skill_id, user_id) VALUES (2, 6, 154347487);
INSERT INTO public.job_skills_users (job_id, skill_id, user_id) VALUES (2, 4, 154347487);
INSERT INTO public.job_skills_users (job_id, skill_id, user_id) VALUES (6, 20, 154347487);
INSERT INTO public.job_skills_users (job_id, skill_id, user_id) VALUES (7, 22, 154347487);
INSERT INTO public.job_skills_users (job_id, skill_id, user_id) VALUES (1, 1, 154137532);
INSERT INTO public.job_skills_users (job_id, skill_id, user_id) VALUES (1, 3, 154137532);
INSERT INTO public.job_skills_users (job_id, skill_id, user_id) VALUES (2, 4, 154137532);
INSERT INTO public.job_skills_users (job_id, skill_id, user_id) VALUES (2, 9, 154137532);
INSERT INTO public.job_skills_users (job_id, skill_id, user_id) VALUES (5, 16, 154137532);
INSERT INTO public.job_skills_users (job_id, skill_id, user_id) VALUES (6, 20, 154137532);
INSERT INTO public.job_skills_users (job_id, skill_id, user_id) VALUES (7, 22, 154137532);
INSERT INTO public.job_skills_users (job_id, skill_id, user_id) VALUES (1, 1, 45490746);
INSERT INTO public.job_skills_users (job_id, skill_id, user_id) VALUES (1, 3, 45490746);
INSERT INTO public.job_skills_users (job_id, skill_id, user_id) VALUES (2, 4, 45490746);
INSERT INTO public.job_skills_users (job_id, skill_id, user_id) VALUES (2, 5, 45490746);
INSERT INTO public.job_skills_users (job_id, skill_id, user_id) VALUES (2, 6, 45490746);
INSERT INTO public.job_skills_users (job_id, skill_id, user_id) VALUES (2, 7, 45490746);
INSERT INTO public.job_skills_users (job_id, skill_id, user_id) VALUES (2, 8, 45490746);
INSERT INTO public.job_skills_users (job_id, skill_id, user_id) VALUES (2, 9, 45490746);
INSERT INTO public.job_skills_users (job_id, skill_id, user_id) VALUES (2, 10, 45490746);
INSERT INTO public.job_skills_users (job_id, skill_id, user_id) VALUES (3, 11, 45490746);
INSERT INTO public.job_skills_users (job_id, skill_id, user_id) VALUES (3, 12, 45490746);
INSERT INTO public.job_skills_users (job_id, skill_id, user_id) VALUES (3, 13, 45490746);
INSERT INTO public.job_skills_users (job_id, skill_id, user_id) VALUES (4, 14, 45490746);
INSERT INTO public.job_skills_users (job_id, skill_id, user_id) VALUES (4, 15, 45490746);
INSERT INTO public.job_skills_users (job_id, skill_id, user_id) VALUES (5, 16, 45490746);
INSERT INTO public.job_skills_users (job_id, skill_id, user_id) VALUES (5, 17, 45490746);
INSERT INTO public.job_skills_users (job_id, skill_id, user_id) VALUES (5, 18, 45490746);
INSERT INTO public.job_skills_users (job_id, skill_id, user_id) VALUES (6, 19, 45490746);
INSERT INTO public.job_skills_users (job_id, skill_id, user_id) VALUES (6, 20, 45490746);
INSERT INTO public.job_skills_users (job_id, skill_id, user_id) VALUES (6, 21, 45490746);
INSERT INTO public.job_skills_users (job_id, skill_id, user_id) VALUES (2, 4, 235239449);
INSERT INTO public.job_skills_users (job_id, skill_id, user_id) VALUES (2, 5, 235239449);
INSERT INTO public.job_skills_users (job_id, skill_id, user_id) VALUES (2, 6, 235239449);
INSERT INTO public.job_skills_users (job_id, skill_id, user_id) VALUES (2, 9, 235239449);
INSERT INTO public.job_skills_users (job_id, skill_id, user_id) VALUES (2, 10, 235239449);
INSERT INTO public.job_skills_users (job_id, skill_id, user_id) VALUES (6, 19, 235239449);
INSERT INTO public.job_skills_users (job_id, skill_id, user_id) VALUES (6, 20, 235239449);
SELECT setval('users_id_seq', 100);
SELECT setval('event_id_seq', 100);
SELECT setval('feed_id_seq', 100);
SELECT setval('job_id_seq', 100);
SELECT setval('notification_id_seq', 100);
SELECT setval('skills_id_seq', 100);
SELECT setval('team_id_seq', 100);
SELECT setval('prize_id_seq', 100);