INSERT INTO public.users (id, firstname, lastname, email, bio, description, workplace, vk_url, tg_url, gh_url, avatar) VALUES (1, 'Тимофей', 'Разумов', 'tima.razumov@gmail.com', '', '', '', 'timrzumov', '', '', 'https://sun9-27.userapi.com/s/v1/if1/HaGly59zcWUkiuU8dC3AcxAvLYuoigE-22sTrOwAlc1DVQMsbyDp9U9BBBbuKMWfkz-sulyC.jpg?size=400x0&quality=96&crop=0,159,960,961&ava=1');
INSERT INTO public.users (id, firstname, lastname, email, bio, description, workplace, vk_url, tg_url, gh_url, avatar) VALUES (2, 'Дима', 'Болдин', 'dima1231231233@gmail.com', '', '', '', 'stalinsu', '', '', 'https://sun9-27.userapi.com/s/v1/ig2/Dawf7Eb1-4zMxB4OYA-svxcgHOdEhwCHP3obHOAlJuN4cly8Dy1AJMGiYzwHOScckkrFfWfr-BkKr1MVdY1mIKdW.jpg?size=400x0&quality=96&crop=71,71,1428,2017&ava=1');
INSERT INTO public.users (id, firstname, lastname, email, bio, description, workplace, vk_url, tg_url, gh_url, avatar) VALUES (3, 'Евгений', 'Прокофьев', 'proj9007@gmail.com', '', '', 'Авито', 'id23523949', '', '', 'https://sun9-32.userapi.com/s/v1/if1/fl7jdqI3dMTcTK0zRl3bIbVz6CBBylLFv1YLQB7smxXPaO19bQNGgWk_jydxverCSECgL6RB.jpg?size=400x0&quality=96&crop=39,42,660,660&ava=1');
INSERT INTO public.users (id, firstname, lastname, email, bio, description, workplace, vk_url, tg_url, gh_url, avatar) VALUES (4, 'Alexander', 'Dolgavin', 'sanya554455@gmail.com', '', '', '', 'alexandr879', '', '', 'https://sun9-2.userapi.com/s/v1/ig1/-G_S-reej7WZjEFr0FNvti8eCSTtJ_3oHkre1HhL-m1wXsSwY1YtDXf6qGfuF5Qv6679LJ80.jpg?size=400x0&quality=96&crop=31,63,656,897&ava=1');
INSERT INTO public.users (id, firstname, lastname, email, bio, description, workplace, vk_url, tg_url, gh_url, avatar) VALUES (5, 'Михаил', 'Балицкий', '9250499222@mail.ru', 'Люблю кушать', 'Тестирую на проде', '', 'mikstime', 'mikstime', 'mikstime', 'https://sun9-50.userapi.com/s/v1/ig2/0j2ZFsayhvedIP1yGY2Wi3cl1ieAgDGxEA39RImibXrH3SilHTQ55Oz0KexlSbICVZCoLfnhlc-n4LxQTmr0RIUq.jpg?size=400x0&quality=96&crop=0,336,1620,1620&ava=1');
INSERT INTO public.users (id, firstname, lastname, email, bio, description, workplace, vk_url, tg_url, gh_url, avatar) VALUES (6, 'Коля', 'Еськов', 'mr.eskov1@yandex.ru', '', '', '', 'nickekov', '', '', 'https://sun9-18.userapi.com/s/v1/ig2/csdwJgreXndn_k8RMvjspnzybzevREKuukL-TX5MjyXg3WnZg91RXL-L8tvOLHITsdB93PdbCIa6aOaFFGeGYA7B.jpg?size=400x0&quality=96&crop=0,0,729,729&ava=1');
INSERT INTO public.users (id, firstname, lastname, email, bio, description, workplace, vk_url, tg_url, gh_url, avatar) VALUES (7, 'Nina', 'Kuklina', 'ninakuk@rambler.ru', '', '', '', 'xshredder', '', '', 'https://sun9-25.userapi.com/s/v1/if1/FZ8YR88CvKfkIn9QFzN7DFRYUtioJkXiEaEMRgYh-RKtgFHqv2hVw_eMyT6WVyVRf20V9flW.jpg?size=400x0&quality=96&crop=54,72,636,636&ava=1');
INSERT INTO public.users (id, firstname, lastname, email, bio, description, workplace, vk_url, tg_url, gh_url, avatar) VALUES (8, 'Сергей', 'Куклин', 'ichigoo@inbox.ru', 'Работаю быстро качественно эффективно', '', '', 'huvalk', 'huvalk', 'huvalk', 'https://sun9-20.userapi.com/s/v1/ig2/tVIPdA3_iOvslYpxJXloFpczBriI8C8hNh8LQ7IAFNx3mvBxdmvqy-uEyRt3l7o5tfJR1UgDNlAAvHC5YYVEq1DK.jpg?size=400x0&quality=96&crop=0,0,1214,1215&ava=1');
INSERT INTO public.users (id, firstname, lastname, email, bio, description, workplace, vk_url, tg_url, gh_url, avatar) VALUES (9, 'Тёма', 'Кобец', 'kobets.art@yandex.ru', '', '', '', 'timmysmoker', '', '', 'https://sun9-32.userapi.com/s/v1/if2/b1Qg_hEaxyoPwcMqOVCfJFJjMm3XOlwgA2DD3R_hmrxv-4gTVbG_LKTC-zWZMQffn3uERFbLMC6fo6hFKFwWNBNC.jpg?size=400x0&quality=96&crop=0,0,1127,1280&ava=1');
INSERT INTO public.users (id, firstname, lastname, email, bio, description, workplace, vk_url, tg_url, gh_url, avatar) VALUES (10, 'Олег', 'Елизаров', 'elizarov1999@list.ru', 'Люблю аниме, смотрю аниме, люблю аниме', 'Дегустирую аниме в четырех измерениях', 'Студия оценки аниме', 'olezeck', 'ELOL99', '', 'https://sun9-49.userapi.com/s/v1/if1/6yuQJI5Om_IpYCNhr-aOtWMxcLpDgCV-ARGU8nT9bnR--ieyEbt8HrVEk8HNZgXb6cvIErnD.jpg?size=400x0&quality=96&crop=0,0,2048,2048&ava=1');
INSERT INTO public.users (id, firstname, lastname, email, bio, description, workplace, vk_url, tg_url, gh_url, avatar) VALUES (11, 'Настя', 'Кузнецова', 'kot.siniy@mail.ru', '', '', '', 'idnatya009', '', '', 'https://sun9-48.userapi.com/s/v1/ig1/-3fKMi0_eXrRzceXRhxyw3oB5vqeI_mfzSYBoPxny0IBRlUyhjybZ2HX5ax2MgeEG1pEA1M5.jpg?size=400x0&quality=96&crop=67,214,1298,1946&ava=1');
INSERT INTO public.users (id, firstname, lastname, email, bio, description, workplace, vk_url, tg_url, gh_url, avatar) VALUES (12, 'Алексей', 'Ершков', 'ershkov.alex2000@gmail.com', '', '', '', 'ershovalex', '', '', 'https://sun9-39.userapi.com/s/v1/ig2/KmJYnTaAQMZ8zeUQ8Iv7DF1rF9qHea3MclLd5KMVbN9E5m0lLltVRRQyhImVsELi6evjkdP4YpC3wOHGVeS3T-PI.jpg?size=400x0&quality=96&crop=0,13,714,714&ava=1');
INSERT INTO public.users (id, firstname, lastname, email, bio, description, workplace, vk_url, tg_url, gh_url, avatar) VALUES (13, 'Вячеслав', 'Романов', '', '', '', '', 'slavakvadratiks', '', '', 'https://sun9-24.userapi.com/s/v1/if1/iiCUM7twBYN7G92elo5ka5enBq0Shih69J5-_PVvQ7tPNFmOKGLvyU0ycfHemU34vr5V7CkC.jpg?size=400x0&quality=96&crop=0,0,2000,2000&ava=1');
INSERT INTO public.users (id, firstname, lastname, email, bio, description, workplace, vk_url, tg_url, gh_url, avatar) VALUES (14, 'Александр', 'Лебедев', 'i.tuta1@yandex.ru', '', '', '', 'cheerfmushroom', '', '', 'https://sun9-44.userapi.com/s/v1/ig2/S9MqiWB8mMHBC_fsYwKt24cYbZwuYOeLpAz63nHMC_OEEIN-IIJYumXt0B6nm2yC6Nf4F6YN15cHwA3C_23MlNqv.jpg?size=400x0&quality=96&crop=890,131,763,802&ava=1');
INSERT INTO public.users (id, firstname, lastname, email, bio, description, workplace, vk_url, tg_url, gh_url, avatar) VALUES (15, 'Сергей', 'Киреев', 'glotkinpass@rambler.ru', '', '', '', 'id3778811', '', '', 'https://vk.com/images/camera_400.png');
INSERT INTO public.event (id, name, description, founder, date_start, date_end, state, place, participants_count) VALUES (10, 'Олимпиада по программированию', 'Олимпиада по программированию', 1, '2021-12-19 22:31:38.000000', '2022-03-19 22:31:43.000000', 'Open', 'Лицей 1556', 15);
INSERT INTO public.event (id, name, description, founder, date_start, date_end, state, place, participants_count) VALUES (8, 'Sbercode', 'Новые технологии, окружающие нас в действующей реальности, сделали возможным мир, в котором встретиться с друзьями можно не выходя из комнаты, а заказать любимую еду — не отрываясь от дел.
Сбер предлагает разработчикам, дизайнерам, продакт-менеджерам и аналитикам провести 2 дня вместе за решением интересных задач, а также стать причастными к развитию новых технологичных продуктов и сервисов экосистемы.

Хакатон пройдет в онлайне — зарядка, завтрак, встречи с менторами и питчи пройдут в максимально уютном формате.', 2, '2021-03-19 22:30:58.000000', '2021-03-22 22:31:05.000000', 'Open', 'Нижняя парковая, д. 15, офис 3', 15);
INSERT INTO public.event (id, name, description, founder, date_start, date_end, state, place, participants_count) VALUES (6, 'Best Hack', 'BEST Moscow — организаторы BEST HACK’20 в МГТУ им. Баумана

BEST — Board of European Students of Technology — международная студенческая некоммерческая неполитическая организация, объединяющая 96 ведущих технических вузов в 35 странах Европы.

BEST Moscow была основана в 2006 году, и за это время мы реализовали множество проектов, в которых приняло участие более 1000 студентов МГТУ и европейских вузов

Мы организуем Ярмарки Вакансий, локальные Инженерные Соревнования EBEC, образовательные BEST курсы и другие студенческие мероприятия', 3, '2020-03-19 22:28:14.000000', '2021-01-19 22:28:17.000000', 'Open', 'МГТУ им. Н.Э. Баумана', 15);
INSERT INTO public.event (id, name, description, founder, date_start, date_end, state, place, participants_count) VALUES (9, 'Межкафедральный хакатон', 'Межкафедральный хакатон', 4, '2021-09-19 22:31:22.000000', '2022-03-19 22:31:32.000000', 'Open', 'Кафедра Э-9', 15);
INSERT INTO public.event (id, name, description, founder, date_start, date_end, state, place, participants_count) VALUES (7, 'Siberian Game Jam', 'Игровой джем (game jam) — это когда создаёшь игру за короткое время, за 48 или 72 часа. Участникам даётся тема. Они объединяются в команды или в одиночку с нуля разрабатывают игру.

Для участия в геймджеме не обязательно иметь 10 лет опыта программирования или 3D моделирования. Достаточно желания.

Тыкал Unity или Unreal? Берём
Рисовал пиксель-арт в Paint? Супер
Работаешь в геймдеве и заскучал? Скорее на джем!
Не умеешь программировать и рисовать, но есть куча идей? Присоединяйся!', 5, '2021-01-23 22:29:48.000000', '2021-08-19 22:29:59.000000', 'Open', 'ул. Преображенская, Стадион советов', 15);
INSERT INTO public.feed (id, event) VALUES (1, 6);
INSERT INTO public.feed (id, event) VALUES (2, 7);
INSERT INTO public.feed (id, event) VALUES (3, 8);
INSERT INTO public.feed (id, event) VALUES (4, 9);
INSERT INTO public.feed (id, event) VALUES (5, 10);
INSERT INTO public.job (id, name) VALUES (1, 'Frontend');
INSERT INTO public.job (id, name) VALUES (2, 'Backend');
INSERT INTO public.job (id, name) VALUES (3, '3D designer');
INSERT INTO public.job (id, name) VALUES (4, 'Product Manager');
INSERT INTO public.job (id, name) VALUES (5, 'UX/UI');
INSERT INTO public.job (id, name) VALUES (6, 'DevOps');
INSERT INTO public.job (id, name) VALUES (7, 'Другое');
INSERT INTO public.skills (id, name, job_id) VALUES (1, 'TypeScript', 1);
INSERT INTO public.skills (id, name, job_id) VALUES (2, 'Angular', 1);
INSERT INTO public.skills (id, name, job_id) VALUES (3, 'React', 1);
INSERT INTO public.skills (id, name, job_id) VALUES (4, 'Golang', 2);
INSERT INTO public.skills (id, name, job_id) VALUES (5, 'C++', 2);
INSERT INTO public.skills (id, name, job_id) VALUES (6, 'PostgreSQL', 2);
INSERT INTO public.skills (id, name, job_id) VALUES (7, 'Rust', 2);
INSERT INTO public.skills (id, name, job_id) VALUES (8, 'Oracle', 2);
INSERT INTO public.skills (id, name, job_id) VALUES (9, 'Nginx', 2);
INSERT INTO public.skills (id, name, job_id) VALUES (10, 'Docker', 2);
INSERT INTO public.skills (id, name, job_id) VALUES (11, 'Autodesk', 3);
INSERT INTO public.skills (id, name, job_id) VALUES (12, 'ZBrush', 3);
INSERT INTO public.skills (id, name, job_id) VALUES (13, 'Blender', 3);
INSERT INTO public.skills (id, name, job_id) VALUES (14, 'Trello', 4);
INSERT INTO public.skills (id, name, job_id) VALUES (15, 'Календарь', 4);
INSERT INTO public.skills (id, name, job_id) VALUES (16, 'Figma', 5);
INSERT INTO public.skills (id, name, job_id) VALUES (17, 'Adobe', 5);
INSERT INTO public.skills (id, name, job_id) VALUES (18, 'gimp', 5);
INSERT INTO public.skills (id, name, job_id) VALUES (19, 'TrevisCI', 6);
INSERT INTO public.skills (id, name, job_id) VALUES (20, 'Docker', 6);
INSERT INTO public.skills (id, name, job_id) VALUES (21, 'CentOS', 6);
INSERT INTO public.skills (id, name, job_id) VALUES (22, 'Просто красивый', 7);
INSERT INTO public.job_skills_users (job_id, skill_id, user_id) VALUES (1, 1, 1);
INSERT INTO public.job_skills_users (job_id, skill_id, user_id) VALUES (1, 2, 1);
INSERT INTO public.job_skills_users (job_id, skill_id, user_id) VALUES (1, 3, 2);
INSERT INTO public.job_skills_users (job_id, skill_id, user_id) VALUES (2, 8, 2);
INSERT INTO public.job_skills_users (job_id, skill_id, user_id) VALUES (2, 10, 2);
INSERT INTO public.job_skills_users (job_id, skill_id, user_id) VALUES (2, 4, 3);
INSERT INTO public.job_skills_users (job_id, skill_id, user_id) VALUES (2, 9, 3);
INSERT INTO public.job_skills_users (job_id, skill_id, user_id) VALUES (2, 6, 3);
INSERT INTO public.job_skills_users (job_id, skill_id, user_id) VALUES (2, 7, 3);
INSERT INTO public.job_skills_users (job_id, skill_id, user_id) VALUES (2, 5, 4);
INSERT INTO public.job_skills_users (job_id, skill_id, user_id) VALUES (2, 6, 4);
INSERT INTO public.job_skills_users (job_id, skill_id, user_id) VALUES (2, 7, 4);
INSERT INTO public.job_skills_users (job_id, skill_id, user_id) VALUES (2, 6, 5);
INSERT INTO public.job_skills_users (job_id, skill_id, user_id) VALUES (2, 4, 5);
INSERT INTO public.job_skills_users (job_id, skill_id, user_id) VALUES (2, 9, 5);
INSERT INTO public.job_skills_users (job_id, skill_id, user_id) VALUES (2, 6, 6);
INSERT INTO public.job_skills_users (job_id, skill_id, user_id) VALUES (2, 7, 6);
INSERT INTO public.job_skills_users (job_id, skill_id, user_id) VALUES (2, 9, 6);
INSERT INTO public.job_skills_users (job_id, skill_id, user_id) VALUES (3, 11, 7);
INSERT INTO public.job_skills_users (job_id, skill_id, user_id) VALUES (5, 17, 7);
INSERT INTO public.job_skills_users (job_id, skill_id, user_id) VALUES (5, 18, 7);
INSERT INTO public.job_skills_users (job_id, skill_id, user_id) VALUES (3, 12, 8);
INSERT INTO public.job_skills_users (job_id, skill_id, user_id) VALUES (3, 13, 8);
INSERT INTO public.job_skills_users (job_id, skill_id, user_id) VALUES (1, 1, 8);
INSERT INTO public.job_skills_users (job_id, skill_id, user_id) VALUES (3, 13, 9);
INSERT INTO public.job_skills_users (job_id, skill_id, user_id) VALUES (3, 12, 9);
INSERT INTO public.job_skills_users (job_id, skill_id, user_id) VALUES (5, 16, 9);
INSERT INTO public.job_skills_users (job_id, skill_id, user_id) VALUES (4, 14, 10);
INSERT INTO public.job_skills_users (job_id, skill_id, user_id) VALUES (6, 20, 10);
INSERT INTO public.job_skills_users (job_id, skill_id, user_id) VALUES (6, 21, 10);
INSERT INTO public.job_skills_users (job_id, skill_id, user_id) VALUES (7, 22, 10);
INSERT INTO public.job_skills_users (job_id, skill_id, user_id) VALUES (4, 15, 11);
INSERT INTO public.job_skills_users (job_id, skill_id, user_id) VALUES (2, 6, 11);
INSERT INTO public.job_skills_users (job_id, skill_id, user_id) VALUES (2, 7, 11);
INSERT INTO public.job_skills_users (job_id, skill_id, user_id) VALUES (5, 16, 12);
INSERT INTO public.job_skills_users (job_id, skill_id, user_id) VALUES (2, 8, 12);
INSERT INTO public.job_skills_users (job_id, skill_id, user_id) VALUES (5, 17, 13);
INSERT INTO public.job_skills_users (job_id, skill_id, user_id) VALUES (2, 7, 13);
INSERT INTO public.job_skills_users (job_id, skill_id, user_id) VALUES (3, 11, 13);
INSERT INTO public.job_skills_users (job_id, skill_id, user_id) VALUES (2, 4, 14);
INSERT INTO public.job_skills_users (job_id, skill_id, user_id) VALUES (2, 9, 14);
INSERT INTO public.job_skills_users (job_id, skill_id, user_id) VALUES (2, 6, 14);
INSERT INTO public.job_skills_users (job_id, skill_id, user_id) VALUES (3, 12, 15);
INSERT INTO public.job_skills_users (job_id, skill_id, user_id) VALUES (3, 13, 15);
INSERT INTO public.job_skills_users (job_id, skill_id, user_id) VALUES (1, 1, 15);
INSERT INTO public.event_users (event_id, user_id) VALUES (6, 1);
INSERT INTO public.event_users (event_id, user_id) VALUES (6, 2);
INSERT INTO public.event_users (event_id, user_id) VALUES (6, 3);
INSERT INTO public.event_users (event_id, user_id) VALUES (6, 4);
INSERT INTO public.event_users (event_id, user_id) VALUES (6, 5);
INSERT INTO public.event_users (event_id, user_id) VALUES (6, 6);
INSERT INTO public.event_users (event_id, user_id) VALUES (6, 7);
INSERT INTO public.event_users (event_id, user_id) VALUES (6, 8);
INSERT INTO public.event_users (event_id, user_id) VALUES (6, 9);
INSERT INTO public.event_users (event_id, user_id) VALUES (6, 10);
INSERT INTO public.event_users (event_id, user_id) VALUES (6, 11);
INSERT INTO public.event_users (event_id, user_id) VALUES (6, 12);
INSERT INTO public.event_users (event_id, user_id) VALUES (6, 13);
INSERT INTO public.event_users (event_id, user_id) VALUES (6, 14);
INSERT INTO public.event_users (event_id, user_id) VALUES (6, 15);
INSERT INTO public.event_users (event_id, user_id) VALUES (7, 1);
INSERT INTO public.event_users (event_id, user_id) VALUES (7, 2);
INSERT INTO public.event_users (event_id, user_id) VALUES (7, 3);
INSERT INTO public.event_users (event_id, user_id) VALUES (7, 4);
INSERT INTO public.event_users (event_id, user_id) VALUES (7, 5);
INSERT INTO public.event_users (event_id, user_id) VALUES (7, 6);
INSERT INTO public.event_users (event_id, user_id) VALUES (7, 7);
INSERT INTO public.event_users (event_id, user_id) VALUES (7, 8);
INSERT INTO public.event_users (event_id, user_id) VALUES (7, 9);
INSERT INTO public.event_users (event_id, user_id) VALUES (7, 10);
INSERT INTO public.event_users (event_id, user_id) VALUES (7, 11);
INSERT INTO public.event_users (event_id, user_id) VALUES (7, 12);
INSERT INTO public.event_users (event_id, user_id) VALUES (7, 13);
INSERT INTO public.event_users (event_id, user_id) VALUES (7, 14);
INSERT INTO public.event_users (event_id, user_id) VALUES (7, 15);
INSERT INTO public.event_users (event_id, user_id) VALUES (8, 1);
INSERT INTO public.event_users (event_id, user_id) VALUES (8, 2);
INSERT INTO public.event_users (event_id, user_id) VALUES (8, 3);
INSERT INTO public.event_users (event_id, user_id) VALUES (8, 4);
INSERT INTO public.event_users (event_id, user_id) VALUES (8, 5);
INSERT INTO public.event_users (event_id, user_id) VALUES (8, 6);
INSERT INTO public.event_users (event_id, user_id) VALUES (8, 7);
INSERT INTO public.event_users (event_id, user_id) VALUES (8, 8);
INSERT INTO public.event_users (event_id, user_id) VALUES (8, 9);
INSERT INTO public.event_users (event_id, user_id) VALUES (8, 10);
INSERT INTO public.event_users (event_id, user_id) VALUES (8, 11);
INSERT INTO public.event_users (event_id, user_id) VALUES (8, 12);
INSERT INTO public.event_users (event_id, user_id) VALUES (8, 13);
INSERT INTO public.event_users (event_id, user_id) VALUES (8, 14);
INSERT INTO public.event_users (event_id, user_id) VALUES (8, 15);
INSERT INTO public.event_users (event_id, user_id) VALUES (9, 1);
INSERT INTO public.event_users (event_id, user_id) VALUES (9, 2);
INSERT INTO public.event_users (event_id, user_id) VALUES (9, 3);
INSERT INTO public.event_users (event_id, user_id) VALUES (9, 4);
INSERT INTO public.event_users (event_id, user_id) VALUES (9, 5);
INSERT INTO public.event_users (event_id, user_id) VALUES (9, 6);
INSERT INTO public.event_users (event_id, user_id) VALUES (9, 7);
INSERT INTO public.event_users (event_id, user_id) VALUES (9, 8);
INSERT INTO public.event_users (event_id, user_id) VALUES (9, 9);
INSERT INTO public.event_users (event_id, user_id) VALUES (9, 10);
INSERT INTO public.event_users (event_id, user_id) VALUES (9, 11);
INSERT INTO public.event_users (event_id, user_id) VALUES (9, 12);
INSERT INTO public.event_users (event_id, user_id) VALUES (9, 13);
INSERT INTO public.event_users (event_id, user_id) VALUES (9, 14);
INSERT INTO public.event_users (event_id, user_id) VALUES (9, 15);
INSERT INTO public.event_users (event_id, user_id) VALUES (10, 1);
INSERT INTO public.event_users (event_id, user_id) VALUES (10, 2);
INSERT INTO public.event_users (event_id, user_id) VALUES (10, 3);
INSERT INTO public.event_users (event_id, user_id) VALUES (10, 4);
INSERT INTO public.event_users (event_id, user_id) VALUES (10, 5);
INSERT INTO public.event_users (event_id, user_id) VALUES (10, 6);
INSERT INTO public.event_users (event_id, user_id) VALUES (10, 7);
INSERT INTO public.event_users (event_id, user_id) VALUES (10, 8);
INSERT INTO public.event_users (event_id, user_id) VALUES (10, 9);
INSERT INTO public.event_users (event_id, user_id) VALUES (10, 10);
INSERT INTO public.event_users (event_id, user_id) VALUES (10, 11);
INSERT INTO public.event_users (event_id, user_id) VALUES (10, 12);
INSERT INTO public.event_users (event_id, user_id) VALUES (10, 13);
INSERT INTO public.event_users (event_id, user_id) VALUES (10, 14);
INSERT INTO public.event_users (event_id, user_id) VALUES (10, 15);
INSERT INTO public.feed_users (feed_id, user_id) VALUES (1, 1);
INSERT INTO public.feed_users (feed_id, user_id) VALUES (1, 2);
INSERT INTO public.feed_users (feed_id, user_id) VALUES (1, 3);
INSERT INTO public.feed_users (feed_id, user_id) VALUES (1, 4);
INSERT INTO public.feed_users (feed_id, user_id) VALUES (1, 5);
INSERT INTO public.feed_users (feed_id, user_id) VALUES (1, 6);
INSERT INTO public.feed_users (feed_id, user_id) VALUES (1, 7);
INSERT INTO public.feed_users (feed_id, user_id) VALUES (1, 8);
INSERT INTO public.feed_users (feed_id, user_id) VALUES (1, 9);
INSERT INTO public.feed_users (feed_id, user_id) VALUES (1, 10);
INSERT INTO public.feed_users (feed_id, user_id) VALUES (1, 11);
INSERT INTO public.feed_users (feed_id, user_id) VALUES (1, 12);
INSERT INTO public.feed_users (feed_id, user_id) VALUES (1, 13);
INSERT INTO public.feed_users (feed_id, user_id) VALUES (1, 14);
INSERT INTO public.feed_users (feed_id, user_id) VALUES (1, 15);
INSERT INTO public.feed_users (feed_id, user_id) VALUES (2, 1);
INSERT INTO public.feed_users (feed_id, user_id) VALUES (2, 2);
INSERT INTO public.feed_users (feed_id, user_id) VALUES (2, 3);
INSERT INTO public.feed_users (feed_id, user_id) VALUES (2, 4);
INSERT INTO public.feed_users (feed_id, user_id) VALUES (2, 5);
INSERT INTO public.feed_users (feed_id, user_id) VALUES (2, 6);
INSERT INTO public.feed_users (feed_id, user_id) VALUES (2, 7);
INSERT INTO public.feed_users (feed_id, user_id) VALUES (2, 8);
INSERT INTO public.feed_users (feed_id, user_id) VALUES (2, 9);
INSERT INTO public.feed_users (feed_id, user_id) VALUES (2, 10);
INSERT INTO public.feed_users (feed_id, user_id) VALUES (2, 11);
INSERT INTO public.feed_users (feed_id, user_id) VALUES (2, 12);
INSERT INTO public.feed_users (feed_id, user_id) VALUES (2, 13);
INSERT INTO public.feed_users (feed_id, user_id) VALUES (2, 14);
INSERT INTO public.feed_users (feed_id, user_id) VALUES (2, 15);
INSERT INTO public.feed_users (feed_id, user_id) VALUES (3, 1);
INSERT INTO public.feed_users (feed_id, user_id) VALUES (3, 2);
INSERT INTO public.feed_users (feed_id, user_id) VALUES (3, 3);
INSERT INTO public.feed_users (feed_id, user_id) VALUES (3, 4);
INSERT INTO public.feed_users (feed_id, user_id) VALUES (3, 5);
INSERT INTO public.feed_users (feed_id, user_id) VALUES (3, 6);
INSERT INTO public.feed_users (feed_id, user_id) VALUES (3, 7);
INSERT INTO public.feed_users (feed_id, user_id) VALUES (3, 8);
INSERT INTO public.feed_users (feed_id, user_id) VALUES (3, 9);
INSERT INTO public.feed_users (feed_id, user_id) VALUES (3, 10);
INSERT INTO public.feed_users (feed_id, user_id) VALUES (3, 11);
INSERT INTO public.feed_users (feed_id, user_id) VALUES (3, 12);
INSERT INTO public.feed_users (feed_id, user_id) VALUES (3, 13);
INSERT INTO public.feed_users (feed_id, user_id) VALUES (3, 14);
INSERT INTO public.feed_users (feed_id, user_id) VALUES (3, 15);
INSERT INTO public.feed_users (feed_id, user_id) VALUES (4, 1);
INSERT INTO public.feed_users (feed_id, user_id) VALUES (4, 2);
INSERT INTO public.feed_users (feed_id, user_id) VALUES (4, 3);
INSERT INTO public.feed_users (feed_id, user_id) VALUES (4, 4);
INSERT INTO public.feed_users (feed_id, user_id) VALUES (4, 5);
INSERT INTO public.feed_users (feed_id, user_id) VALUES (4, 6);
INSERT INTO public.feed_users (feed_id, user_id) VALUES (4, 7);
INSERT INTO public.feed_users (feed_id, user_id) VALUES (4, 8);
INSERT INTO public.feed_users (feed_id, user_id) VALUES (4, 9);
INSERT INTO public.feed_users (feed_id, user_id) VALUES (4, 10);
INSERT INTO public.feed_users (feed_id, user_id) VALUES (4, 11);
INSERT INTO public.feed_users (feed_id, user_id) VALUES (4, 12);
INSERT INTO public.feed_users (feed_id, user_id) VALUES (4, 13);
INSERT INTO public.feed_users (feed_id, user_id) VALUES (4, 14);
INSERT INTO public.feed_users (feed_id, user_id) VALUES (4, 15);
INSERT INTO public.feed_users (feed_id, user_id) VALUES (5, 1);
INSERT INTO public.feed_users (feed_id, user_id) VALUES (5, 2);
INSERT INTO public.feed_users (feed_id, user_id) VALUES (5, 3);
INSERT INTO public.feed_users (feed_id, user_id) VALUES (5, 4);
INSERT INTO public.feed_users (feed_id, user_id) VALUES (5, 5);
INSERT INTO public.feed_users (feed_id, user_id) VALUES (5, 6);
INSERT INTO public.feed_users (feed_id, user_id) VALUES (5, 7);
INSERT INTO public.feed_users (feed_id, user_id) VALUES (5, 8);
INSERT INTO public.feed_users (feed_id, user_id) VALUES (5, 9);
INSERT INTO public.feed_users (feed_id, user_id) VALUES (5, 10);
INSERT INTO public.feed_users (feed_id, user_id) VALUES (5, 11);
INSERT INTO public.feed_users (feed_id, user_id) VALUES (5, 12);
INSERT INTO public.feed_users (feed_id, user_id) VALUES (5, 13);
INSERT INTO public.feed_users (feed_id, user_id) VALUES (5, 14);
INSERT INTO public.feed_users (feed_id, user_id) VALUES (5, 15);
INSERT INTO public.prize (id, event_id, name, place, amount, winnerteamids) VALUES (1, 6, 'Macbook Pro 15', 0, 4, null);
INSERT INTO public.prize (id, event_id, name, place, amount, winnerteamids) VALUES (2, 6, 'Iphone 10R', 1, 1, null);
INSERT INTO public.prize (id, event_id, name, place, amount, winnerteamids) VALUES (3, 6, 'Apple Watch', 2, 1, null);
SELECT setval('users_id_seq', 100);
SELECT setval('event_id_seq', 100);
SELECT setval('feed_id_seq', 100);
SELECT setval('job_id_seq', 100);
SELECT setval('notification_id_seq', 100);
SELECT setval('skills_id_seq', 100);
SELECT setval('team_id_seq', 100);
SELECT setval('prize_id_seq', 100);