INSERT INTO public.users (id, firstname, lastname, email) VALUES (1, 'Артем', 'Ахикян', 'aa@ya.ru');
INSERT INTO public.users (id, firstname, lastname, email) VALUES (2, 'Сергей', 'Куклин', 'akiraq@yandex.ru');
INSERT INTO public.users (id, firstname, lastname, email) VALUES (3, 'Михаил', 'Балицкий', 'bm@ya.ru');
INSERT INTO public.users (id, firstname, lastname, email) VALUES (4, 'Олег', 'Елизаров', 'oe@ya.ru');
INSERT INTO public.users (id, firstname, lastname, email) VALUES (5, 'Олег', 'Деркач', 'od@ya.ru');
INSERT INTO public.users (id, firstname, lastname, email) VALUES (6, 'Сергей', 'Цаплин', 'sc@ya.ru');
INSERT INTO public.users (id, firstname, lastname, email) VALUES (7, 'Руслан', 'Юзеев', 'ru@ya.ru');
INSERT INTO public.users (id, firstname, lastname, email) VALUES (8, 'Ксения', 'Ярошенко', 'ss@ya.ru');
INSERT INTO public.users (id, firstname, lastname, email) VALUES (9, 'Александра', 'Володина', 'hd@ya.ru');
INSERT INTO public.users (id, firstname, lastname, email) VALUES (10, 'Нина', 'Куклина', 'ad@ya.ru');
INSERT INTO public.users (id, firstname, lastname, email) VALUES (11, 'Максим', 'Колотовкин', 'fn@ya.ru');
INSERT INTO public.users (id, firstname, lastname, email) VALUES (12, 'Анастасия', 'Лосикова', 'ca@ya.ru');
INSERT INTO public.users (id, firstname, lastname, email) VALUES (13, 'Софья', 'Рябова', 'aq@ya.ru');
INSERT INTO public.users (id, firstname, lastname, email) VALUES (14, 'Екатерина', 'Иножарская', 'gr@ya.ru');
INSERT INTO public.users (id, firstname, lastname, email) VALUES (15, 'Павел', 'Пестов', 'yj@ya.ru');
INSERT INTO public.users (id, firstname, lastname, email) VALUES (17, 'Алексей', 'Юрьевич', 'awd@mail.ru');
INSERT INTO public.users (id, firstname, lastname, email) VALUES (18, 'Алексей', 'Яковлевич', 'vva@mail.ru');
INSERT INTO public.users (id, firstname, lastname, email) VALUES (19, 'Сергей', 'Сергеевич', 'hg@mail.ru');
INSERT INTO public.users (id, firstname, lastname, email) VALUES (20, 'Сергей', 'Александрович', 'yrt@mail.ru');
INSERT INTO public.users (id, firstname, lastname, email) VALUES (21, 'Михаил', 'Юрьевич', 'zz@mail.ru');
INSERT INTO public.event (id, name, description, founder, date_start, date_end, state, place, participants_count) VALUES (10, 'Олимпиада по программированию', 'Олимпиада по программированию', 21, '2021-12-19 22:31:38.000000', '2022-03-19 22:31:43.000000', 'upcoming', 'Лицей 1556', 15);
INSERT INTO public.event (id, name, description, founder, date_start, date_end, state, place, participants_count) VALUES (8, 'Sbercode', 'Sbercode', 20, '2021-03-19 22:30:58.000000', '2021-03-22 22:31:05.000000', 'canceled', 'Нижняя парковая, д. 15, офис 3', 15);
INSERT INTO public.event (id, name, description, founder, date_start, date_end, state, place, participants_count) VALUES (6, 'Best Hack', 'Best Hack', 17, '2020-03-19 22:28:14.000000', '2021-01-19 22:28:17.000000', 'finished', 'МГТУ им. Н.Э. Баумана', 15);
INSERT INTO public.event (id, name, description, founder, date_start, date_end, state, place, participants_count) VALUES (9, 'Межкафедральный хакатон', 'Межкафедральный хакатон', 18, '2021-09-19 22:31:22.000000', '2022-03-19 22:31:32.000000', 'ongoing', 'Кафедра Э-9', 15);
INSERT INTO public.event (id, name, description, founder, date_start, date_end, state, place, participants_count) VALUES (7, 'Siberian Game Jam', 'Siberian Game Jam', 19, '2021-01-23 22:29:48.000000', '2021-08-19 22:29:59.000000', 'ongoing', 'ул. Преображенская, Стадион советов', 15);
INSERT INTO public.team (id, name, event) VALUES (2, '1-2team', 6);
INSERT INTO public.team (id, name, event) VALUES (3, '3-4team', 6);
INSERT INTO public.team (id, name, event) VALUES (4, '5-12team', 6);
INSERT INTO public.team_users (team_id, user_id) VALUES (2, 1);
INSERT INTO public.team_users (team_id, user_id) VALUES (3, 3);
INSERT INTO public.team_users (team_id, user_id) VALUES (2, 2);
INSERT INTO public.team_users (team_id, user_id) VALUES (3, 4);
INSERT INTO public.team_users (team_id, user_id) VALUES (4, 5);
INSERT INTO public.team_users (team_id, user_id) VALUES (4, 6);
INSERT INTO public.team_users (team_id, user_id) VALUES (4, 9);
INSERT INTO public.team_users (team_id, user_id) VALUES (4, 7);
INSERT INTO public.team_users (team_id, user_id) VALUES (4, 10);
INSERT INTO public.team_users (team_id, user_id) VALUES (4, 8);
INSERT INTO public.team_users (team_id, user_id) VALUES (4, 11);
INSERT INTO public.team_users (team_id, user_id) VALUES (4, 12);
INSERT INTO public.job (id, name) VALUES (1, 'Frontend');
INSERT INTO public.job (id, name) VALUES (2, 'Backend');
INSERT INTO public.job (id, name) VALUES (3, '3D designer');
INSERT INTO public.job (id, name) VALUES (4, 'Product Manager');
INSERT INTO public.job (id, name) VALUES (5, 'UX/UI');
INSERT INTO public.job (id, name) VALUES (6, 'DevOps');
INSERT INTO public.job (id, name) VALUES (7, 'Другое');
INSERT INTO public.skills (id, name, job_id) VALUES (1, 'TypeScript', 1);
INSERT INTO public.skills (id, name, job_id) VALUES (2, 'Angular', 1);
INSERT INTO public.skills (id, name, job_id) VALUES (3, 'React', 1);
INSERT INTO public.skills (id, name, job_id) VALUES (4, 'Golang', 2);
INSERT INTO public.skills (id, name, job_id) VALUES (5, 'C++', 2);
INSERT INTO public.skills (id, name, job_id) VALUES (6, 'PostgreSQL', 2);
INSERT INTO public.skills (id, name, job_id) VALUES (7, 'Rust', 2);
INSERT INTO public.skills (id, name, job_id) VALUES (8, 'Oracle', 2);
INSERT INTO public.skills (id, name, job_id) VALUES (9, 'Nginx', 2);
INSERT INTO public.skills (id, name, job_id) VALUES (10, 'Docker', 2);
INSERT INTO public.skills (id, name, job_id) VALUES (11, 'Autodesk', 3);
INSERT INTO public.skills (id, name, job_id) VALUES (12, 'ZBrush', 3);
INSERT INTO public.skills (id, name, job_id) VALUES (13, 'Blender', 3);
INSERT INTO public.skills (id, name, job_id) VALUES (14, 'Trello', 4);
INSERT INTO public.skills (id, name, job_id) VALUES (15, 'Календарь', 4);
INSERT INTO public.skills (id, name, job_id) VALUES (16, 'Figma', 5);
INSERT INTO public.skills (id, name, job_id) VALUES (17, 'Adobe', 5);
INSERT INTO public.skills (id, name, job_id) VALUES (18, 'gimp', 5);
INSERT INTO public.skills (id, name, job_id) VALUES (19, 'TrevisCI', 6);
INSERT INTO public.skills (id, name, job_id) VALUES (20, 'Docker', 6);
INSERT INTO public.skills (id, name, job_id) VALUES (21, 'CentOS', 6);
INSERT INTO public.skills (id, name, job_id) VALUES (22, 'Просто красивый', 7);
INSERT INTO public.job_skills_users (job_id, skill_id, user_id) VALUES (1, 1, 1);
INSERT INTO public.job_skills_users (job_id, skill_id, user_id) VALUES (1, 2, 1);
INSERT INTO public.job_skills_users (job_id, skill_id, user_id) VALUES (1, 3, 2);
INSERT INTO public.job_skills_users (job_id, skill_id, user_id) VALUES (2, 4, 3);
INSERT INTO public.job_skills_users (job_id, skill_id, user_id) VALUES (2, 5, 4);
INSERT INTO public.job_skills_users (job_id, skill_id, user_id) VALUES (2, 6, 5);
INSERT INTO public.job_skills_users (job_id, skill_id, user_id) VALUES (2, 7, 6);
INSERT INTO public.job_skills_users (job_id, skill_id, user_id) VALUES (2, 8, 2);
INSERT INTO public.job_skills_users (job_id, skill_id, user_id) VALUES (2, 9, 3);
INSERT INTO public.job_skills_users (job_id, skill_id, user_id) VALUES (2, 10, 2);
INSERT INTO public.job_skills_users (job_id, skill_id, user_id) VALUES (3, 11, 7);
INSERT INTO public.job_skills_users (job_id, skill_id, user_id) VALUES (3, 12, 8);
INSERT INTO public.job_skills_users (job_id, skill_id, user_id) VALUES (3, 13, 9);
INSERT INTO public.job_skills_users (job_id, skill_id, user_id) VALUES (4, 14, 10);
INSERT INTO public.job_skills_users (job_id, skill_id, user_id) VALUES (4, 15, 11);
INSERT INTO public.job_skills_users (job_id, skill_id, user_id) VALUES (5, 16, 12);
INSERT INTO public.job_skills_users (job_id, skill_id, user_id) VALUES (5, 17, 13);
INSERT INTO public.job_skills_users (job_id, skill_id, user_id) VALUES (5, 18, 14);
INSERT INTO public.job_skills_users (job_id, skill_id, user_id) VALUES (6, 19, 15);
INSERT INTO public.job_skills_users (job_id, skill_id, user_id) VALUES (6, 20, 10);
INSERT INTO public.job_skills_users (job_id, skill_id, user_id) VALUES (6, 21, 10);
INSERT INTO public.job_skills_users (job_id, skill_id, user_id) VALUES (7, 22, 10);
INSERT INTO public.event_users (event_id, user_id) VALUES (6, 1);
INSERT INTO public.event_users (event_id, user_id) VALUES (6, 2);
INSERT INTO public.event_users (event_id, user_id) VALUES (6, 3);
INSERT INTO public.event_users (event_id, user_id) VALUES (6, 4);
INSERT INTO public.event_users (event_id, user_id) VALUES (6, 5);
INSERT INTO public.event_users (event_id, user_id) VALUES (6, 6);
INSERT INTO public.event_users (event_id, user_id) VALUES (6, 7);
INSERT INTO public.event_users (event_id, user_id) VALUES (6, 8);
INSERT INTO public.event_users (event_id, user_id) VALUES (6, 9);
INSERT INTO public.event_users (event_id, user_id) VALUES (6, 10);
INSERT INTO public.event_users (event_id, user_id) VALUES (6, 11);
INSERT INTO public.event_users (event_id, user_id) VALUES (6, 12);
INSERT INTO public.event_users (event_id, user_id) VALUES (6, 13);
INSERT INTO public.event_users (event_id, user_id) VALUES (6, 14);
INSERT INTO public.event_users (event_id, user_id) VALUES (6, 15);
INSERT INTO public.event_users (event_id, user_id) VALUES (7, 1);
INSERT INTO public.event_users (event_id, user_id) VALUES (7, 2);
INSERT INTO public.event_users (event_id, user_id) VALUES (7, 3);
INSERT INTO public.event_users (event_id, user_id) VALUES (7, 4);
INSERT INTO public.event_users (event_id, user_id) VALUES (7, 5);
INSERT INTO public.event_users (event_id, user_id) VALUES (7, 6);
INSERT INTO public.event_users (event_id, user_id) VALUES (7, 7);
INSERT INTO public.event_users (event_id, user_id) VALUES (7, 8);
INSERT INTO public.event_users (event_id, user_id) VALUES (7, 9);
INSERT INTO public.event_users (event_id, user_id) VALUES (7, 10);
INSERT INTO public.event_users (event_id, user_id) VALUES (7, 11);
INSERT INTO public.event_users (event_id, user_id) VALUES (7, 12);
INSERT INTO public.event_users (event_id, user_id) VALUES (7, 13);
INSERT INTO public.event_users (event_id, user_id) VALUES (7, 14);
INSERT INTO public.event_users (event_id, user_id) VALUES (7, 15);
INSERT INTO public.event_users (event_id, user_id) VALUES (8, 1);
INSERT INTO public.event_users (event_id, user_id) VALUES (8, 2);
INSERT INTO public.event_users (event_id, user_id) VALUES (8, 3);
INSERT INTO public.event_users (event_id, user_id) VALUES (8, 4);
INSERT INTO public.event_users (event_id, user_id) VALUES (8, 5);
INSERT INTO public.event_users (event_id, user_id) VALUES (8, 6);
INSERT INTO public.event_users (event_id, user_id) VALUES (8, 7);
INSERT INTO public.event_users (event_id, user_id) VALUES (8, 8);
INSERT INTO public.event_users (event_id, user_id) VALUES (8, 9);
INSERT INTO public.event_users (event_id, user_id) VALUES (8, 10);
INSERT INTO public.event_users (event_id, user_id) VALUES (8, 11);
INSERT INTO public.event_users (event_id, user_id) VALUES (8, 12);
INSERT INTO public.event_users (event_id, user_id) VALUES (8, 13);
INSERT INTO public.event_users (event_id, user_id) VALUES (8, 14);
INSERT INTO public.event_users (event_id, user_id) VALUES (8, 15);
INSERT INTO public.event_users (event_id, user_id) VALUES (9, 1);
INSERT INTO public.event_users (event_id, user_id) VALUES (9, 2);
INSERT INTO public.event_users (event_id, user_id) VALUES (9, 3);
INSERT INTO public.event_users (event_id, user_id) VALUES (9, 4);
INSERT INTO public.event_users (event_id, user_id) VALUES (9, 5);
INSERT INTO public.event_users (event_id, user_id) VALUES (9, 6);
INSERT INTO public.event_users (event_id, user_id) VALUES (9, 7);
INSERT INTO public.event_users (event_id, user_id) VALUES (9, 8);
INSERT INTO public.event_users (event_id, user_id) VALUES (9, 9);
INSERT INTO public.event_users (event_id, user_id) VALUES (9, 10);
INSERT INTO public.event_users (event_id, user_id) VALUES (9, 11);
INSERT INTO public.event_users (event_id, user_id) VALUES (9, 12);
INSERT INTO public.event_users (event_id, user_id) VALUES (9, 13);
INSERT INTO public.event_users (event_id, user_id) VALUES (9, 14);
INSERT INTO public.event_users (event_id, user_id) VALUES (9, 15);
INSERT INTO public.event_users (event_id, user_id) VALUES (10, 1);
INSERT INTO public.event_users (event_id, user_id) VALUES (10, 2);
INSERT INTO public.event_users (event_id, user_id) VALUES (10, 3);
INSERT INTO public.event_users (event_id, user_id) VALUES (10, 4);
INSERT INTO public.event_users (event_id, user_id) VALUES (10, 5);
INSERT INTO public.event_users (event_id, user_id) VALUES (10, 6);
INSERT INTO public.event_users (event_id, user_id) VALUES (10, 7);
INSERT INTO public.event_users (event_id, user_id) VALUES (10, 8);
INSERT INTO public.event_users (event_id, user_id) VALUES (10, 9);
INSERT INTO public.event_users (event_id, user_id) VALUES (10, 10);
INSERT INTO public.event_users (event_id, user_id) VALUES (10, 11);
INSERT INTO public.event_users (event_id, user_id) VALUES (10, 12);
INSERT INTO public.event_users (event_id, user_id) VALUES (10, 13);
INSERT INTO public.event_users (event_id, user_id) VALUES (10, 14);
INSERT INTO public.event_users (event_id, user_id) VALUES (10, 15);
INSERT INTO public.feed (id, event) VALUES (1, 6);
INSERT INTO public.feed (id, event) VALUES (2, 7);
INSERT INTO public.feed (id, event) VALUES (3, 8);
INSERT INTO public.feed (id, event) VALUES (4, 9);
INSERT INTO public.feed (id, event) VALUES (5, 10);
INSERT INTO public.feed_users (feed_id, user_id) VALUES (1, 1);
INSERT INTO public.feed_users (feed_id, user_id) VALUES (1, 2);
INSERT INTO public.feed_users (feed_id, user_id) VALUES (1, 3);
INSERT INTO public.feed_users (feed_id, user_id) VALUES (1, 4);
INSERT INTO public.feed_users (feed_id, user_id) VALUES (1, 5);
INSERT INTO public.feed_users (feed_id, user_id) VALUES (1, 6);
INSERT INTO public.feed_users (feed_id, user_id) VALUES (1, 7);
INSERT INTO public.feed_users (feed_id, user_id) VALUES (1, 8);
INSERT INTO public.feed_users (feed_id, user_id) VALUES (1, 9);
INSERT INTO public.feed_users (feed_id, user_id) VALUES (1, 10);
INSERT INTO public.feed_users (feed_id, user_id) VALUES (1, 11);
INSERT INTO public.feed_users (feed_id, user_id) VALUES (1, 12);
INSERT INTO public.feed_users (feed_id, user_id) VALUES (1, 13);
INSERT INTO public.feed_users (feed_id, user_id) VALUES (1, 14);
INSERT INTO public.feed_users (feed_id, user_id) VALUES (1, 15);
INSERT INTO public.feed_users (feed_id, user_id) VALUES (2, 1);
INSERT INTO public.feed_users (feed_id, user_id) VALUES (2, 2);
INSERT INTO public.feed_users (feed_id, user_id) VALUES (2, 3);
INSERT INTO public.feed_users (feed_id, user_id) VALUES (2, 4);
INSERT INTO public.feed_users (feed_id, user_id) VALUES (2, 5);
INSERT INTO public.feed_users (feed_id, user_id) VALUES (2, 6);
INSERT INTO public.feed_users (feed_id, user_id) VALUES (2, 7);
INSERT INTO public.feed_users (feed_id, user_id) VALUES (2, 8);
INSERT INTO public.feed_users (feed_id, user_id) VALUES (2, 9);
INSERT INTO public.feed_users (feed_id, user_id) VALUES (2, 10);
INSERT INTO public.feed_users (feed_id, user_id) VALUES (2, 11);
INSERT INTO public.feed_users (feed_id, user_id) VALUES (2, 12);
INSERT INTO public.feed_users (feed_id, user_id) VALUES (2, 13);
INSERT INTO public.feed_users (feed_id, user_id) VALUES (2, 14);
INSERT INTO public.feed_users (feed_id, user_id) VALUES (2, 15);
INSERT INTO public.feed_users (feed_id, user_id) VALUES (3, 1);
INSERT INTO public.feed_users (feed_id, user_id) VALUES (3, 2);
INSERT INTO public.feed_users (feed_id, user_id) VALUES (3, 3);
INSERT INTO public.feed_users (feed_id, user_id) VALUES (3, 4);
INSERT INTO public.feed_users (feed_id, user_id) VALUES (3, 5);
INSERT INTO public.feed_users (feed_id, user_id) VALUES (3, 6);
INSERT INTO public.feed_users (feed_id, user_id) VALUES (3, 7);
INSERT INTO public.feed_users (feed_id, user_id) VALUES (3, 8);
INSERT INTO public.feed_users (feed_id, user_id) VALUES (3, 9);
INSERT INTO public.feed_users (feed_id, user_id) VALUES (3, 10);
INSERT INTO public.feed_users (feed_id, user_id) VALUES (3, 11);
INSERT INTO public.feed_users (feed_id, user_id) VALUES (3, 12);
INSERT INTO public.feed_users (feed_id, user_id) VALUES (3, 13);
INSERT INTO public.feed_users (feed_id, user_id) VALUES (3, 14);
INSERT INTO public.feed_users (feed_id, user_id) VALUES (3, 15);
INSERT INTO public.feed_users (feed_id, user_id) VALUES (4, 1);
INSERT INTO public.feed_users (feed_id, user_id) VALUES (4, 2);
INSERT INTO public.feed_users (feed_id, user_id) VALUES (4, 3);
INSERT INTO public.feed_users (feed_id, user_id) VALUES (4, 4);
INSERT INTO public.feed_users (feed_id, user_id) VALUES (4, 5);
INSERT INTO public.feed_users (feed_id, user_id) VALUES (4, 6);
INSERT INTO public.feed_users (feed_id, user_id) VALUES (4, 7);
INSERT INTO public.feed_users (feed_id, user_id) VALUES (4, 8);
INSERT INTO public.feed_users (feed_id, user_id) VALUES (4, 9);
INSERT INTO public.feed_users (feed_id, user_id) VALUES (4, 10);
INSERT INTO public.feed_users (feed_id, user_id) VALUES (4, 11);
INSERT INTO public.feed_users (feed_id, user_id) VALUES (4, 12);
INSERT INTO public.feed_users (feed_id, user_id) VALUES (4, 13);
INSERT INTO public.feed_users (feed_id, user_id) VALUES (4, 14);
INSERT INTO public.feed_users (feed_id, user_id) VALUES (4, 15);
INSERT INTO public.feed_users (feed_id, user_id) VALUES (5, 1);
INSERT INTO public.feed_users (feed_id, user_id) VALUES (5, 2);
INSERT INTO public.feed_users (feed_id, user_id) VALUES (5, 3);
INSERT INTO public.feed_users (feed_id, user_id) VALUES (5, 4);
INSERT INTO public.feed_users (feed_id, user_id) VALUES (5, 5);
INSERT INTO public.feed_users (feed_id, user_id) VALUES (5, 6);
INSERT INTO public.feed_users (feed_id, user_id) VALUES (5, 7);
INSERT INTO public.feed_users (feed_id, user_id) VALUES (5, 8);
INSERT INTO public.feed_users (feed_id, user_id) VALUES (5, 9);
INSERT INTO public.feed_users (feed_id, user_id) VALUES (5, 10);
INSERT INTO public.feed_users (feed_id, user_id) VALUES (5, 11);
INSERT INTO public.feed_users (feed_id, user_id) VALUES (5, 12);
INSERT INTO public.feed_users (feed_id, user_id) VALUES (5, 13);
INSERT INTO public.feed_users (feed_id, user_id) VALUES (5, 14);
INSERT INTO public.feed_users (feed_id, user_id) VALUES (5, 15);
INSERT INTO public.invite (user_id, team_id, event_id, guest_user_id, guest_team_id, rejected, approved, silent, date) VALUES (3, 3, 6, 1, 2, false, false, false, '2021-03-19 20:17:19.025708');
INSERT INTO public.invite (user_id, team_id, event_id, guest_user_id, guest_team_id, rejected, approved, silent, date) VALUES (13, null, 6, 2, 2, false, false, false, '2021-03-19 20:17:19.025708');
INSERT INTO public.invite (user_id, team_id, event_id, guest_user_id, guest_team_id, rejected, approved, silent, date) VALUES (5, 4, 6, 1, 2, false, false, false, '2021-03-19 20:17:19.025708');
INSERT INTO public.invite (user_id, team_id, event_id, guest_user_id, guest_team_id, rejected, approved, silent, date) VALUES (6, 4, 6, 2, 2, false, false, false, '2021-03-19 20:17:19.025708');
INSERT INTO public.invite (user_id, team_id, event_id, guest_user_id, guest_team_id, rejected, approved, silent, date) VALUES (7, 4, 6, 2, 2, false, false, false, '2021-03-19 20:17:19.025708');
INSERT INTO public.invite (user_id, team_id, event_id, guest_user_id, guest_team_id, rejected, approved, silent, date) VALUES (8, 4, 6, 1, 2, false, false, false, '2021-03-19 20:17:19.025708');
INSERT INTO public.invite (user_id, team_id, event_id, guest_user_id, guest_team_id, rejected, approved, silent, date) VALUES (9, 4, 6, 1, 2, false, false, false, '2021-03-19 20:17:19.025708');
SELECT setval('users_id_seq', 100);
SELECT setval('event_id_seq', 100);
SELECT setval('feed_id_seq', 100);
SELECT setval('job_id_seq', 100);
SELECT setval('notification_id_seq', 100);
SELECT setval('skills_id_seq', 100);
SELECT setval('team_id_seq', 100);
INSERT INTO public.prize (id, event_id, name, place, amount, winnerteamids) VALUES (1, 101, 'Автомобиль', 0, 4, null);
INSERT INTO public.prize (id, event_id, name, place, amount, winnerteamids) VALUES (2, 101, 'Телефон', 1, 1, null);
INSERT INTO public.prize (id, event_id, name, place, amount, winnerteamids) VALUES (3, 101, 'Часы', 2, 1, null);